路線名,概要,ホームページ,画像,おすすめの車窓
近鉄奈良線,大阪府と奈良県を結ぶ鉄道路線です。広大な大阪平野の風景や平城宮跡など美しい景色が広がるルートを通っています。快速や普通列車が運行され、観光名所や歴史的なスポットにアクセスするのに便利です。混雑も少なく、アットホームな雰囲気が特徴。地元の人々や観光客にとって、便利で魅力的な移動手段となっています。,"https://www.kintetsu.co.jp/senden/ikomaretro/",3177812_s.jpg,額田駅〜石切駅間では、ビルが立ち並ぶ大阪市内、天気の良いときは明石海峡大橋まで望むことができます。
信楽高原鐵道,滋賀県の貴生川（甲賀市水口町）から、信楽間を結ぶ延長14.7キロメートルの路線です。 緑深い信楽高原の急勾配を走り、車窓からは四季折々の草花が見られ、春は新緑、秋は紅葉に代表される素朴で美しい自然を楽しむことができます。また信楽駅では工芸品の信楽焼のたぬきの焼き物がお出迎えしてくれます。,"https://koka-skr.co.jp/company.html",23754433_s.jpg,貴生川駅と紫香楽宮跡駅間の田んぼアート(見頃は6月中旬から9月頃まで)。
JR釧網本線,北海道網走市の網走駅と釧路市の東釧路駅を結ぶJR北海道の路線です。冬はオホーツク海の流氷、夏は釧路湿原の自然を車窓から堪能することができます。また、釧路湿原や網走監獄など、観光名所にもアクセスが良く、自然や歴史を満喫できます。,"https://www.jrhokkaido.co.jp/travel/kushironorokko/index.html",26174364_s.jpg,北浜駅付近のオホーツク海の景色。遠矢駅から五十石駅の間に広がる釧路湿原の自然。
JR大糸線,長野県の松本駅から新潟県の糸魚川駅を結ぶ鉄道路線で、美しい自然と温泉地を繋ぎます。車窓からは雄大な山々や清流が広がり、特に秋の紅葉が美しい季節におすすめです。信州の風景を楽しみながら、温泉地へのアクセスも便利。野鳥や動物も見られることがあり、自然愛好家にも楽しい選択肢です。,"https://www.jreast.co.jp/nagano/furusato/",26150861_s.jpg,信濃木崎駅〜南神城駅間の山岳地帯や木崎湖の自然風景。
京都丹後鉄道　宮舞線,京都府の西舞鶴駅から宮津駅を結ぶ路線です。由良川橋梁を渡っている時の景色は、まるで海の上を列車が走っているかのよう。千と千尋の神隠しのワンシーンに似ていると話題にもなっている人気の車窓スポットです。,"https://www.westjr.co.jp/company/info/issue/bsignal/18_vol_181/area/",3772687_s.jpg,丹後神崎駅〜丹後由良駅の由良川橋梁からの景色。まるで海の上を走っているかのよう。
ゆりかもめ,新橋駅から豊洲駅を結ぶ路線で東京のお台場やレインボーブリッジや豊洲市場という有名な観光スポットを沿線に有しているのが特徴です。また湾岸線を走っていることもあり車窓からは東京湾を眺めることができます。,"https://www.yurikamome.co.jp/sightseeing/course/view-spot.html",26044283_s.jpg,夜のレインボーブリッジを渡っている時の景色。まるで異空間に吸い込まれるような感覚。
ポートライナー,神戸市内を走る路線で、海を眺めながら進むルートを通り、神戸の美しい風景を楽しむことができます。ポートアイランドやメリケンパークなどの観光地へのアクセスが便利で、ショッピングや食事を楽しむ際にも便利です。,"https://www.knt-liner.co.jp/spot/1362/",4777350_s.jpg,中公園駅〜ポートターミナル駅間の夜景。日本三大夜景の神戸の夜景を海側から見るのは格別。
JRきのくに線,きのくに線（紀勢本線）は新宮駅〜和歌山駅を結ぶJR西日本の路線です。熊野古道や熊野三山など歴史的な名所や南紀白浜温泉といった温泉地へのアクセスもしやすいです。また紀伊半島の海岸線を縫うように走るため、海を間近で見ることができます。,"https://www.pref.wakayama.lg.jp/prefg/020500/d00154903.html",2101226_s.jpg,南部駅〜切目駅付近は海岸線を走行するので海がめっちゃ近くて綺麗。
JR神戸線,JR神戸線は東海道線の大阪府にある大阪駅〜兵庫県の神戸駅、および山陽本線の神戸駅から姫路駅までの区間に付けられた愛称。大阪と神戸という関西の主要な都市を結ぶ、通勤・通学路線でありながら、一部区間で海沿いを走るため、電車の中から瀬戸内海を一望することができます。,"https://www.westjr.co.jp/company/info/issue/bsignal/23_vol_199/area/",25971846_s.jpg,須磨海浜公園駅から朝霧駅付近は海岸線を走行するので海がめっちゃ近くて綺麗。
小湊鐵道,千葉県市原市の五井駅から夷隅郡大多喜町の上総中野駅を結ぶ路線です。沿線には季節ごとの様々な花が咲き、県外からも多くの観光客が訪れています。またレトロな駅舎や車両が多く現存しており、まるで昔にタイムスリップしたような気分になれるのも特徴の一つです。,"https://www.kominato.co.jp/",3006785_s.jpg,上総大久保駅～養老渓谷駅間の石神の菜の花畑。線路周辺が菜の花で埋め尽くされ、まるで黄色い絨毯の上を電車が走っているような気分になります。